TIME,VALUE
06/15/2009,0.003
06/16/2009,0.007
06/17/2009,0.006
06/18/2009,0.01
06/19/2009,0.007
06/20/2009,0.008
06/21/2009,0.021
06/22/2009,0.009
06/23/2009,0.022
06/24/2009,0.018
06/25/2009,0.024
06/26/2009,0.013
06/27/2009,0.056
06/28/2009,0.024
06/29/2009,0.02
06/30/2009,0.009
07/01/2009,0.004
07/02/2009,0.025
07/03/2009,0.039
07/04/2009,0.04
07/05/2009,0.042
07/06/2009,0.03
07/07/2009,0.012
07/08/2009,0.021
07/09/2009,0.012
07/10/2009,0.018
07/11/2009,0.062
07/12/2009,0.025
07/13/2009,0.037
07/14/2009,0.026
07/15/2009,0.024
07/16/2009,0.034
07/18/2009,0.015
07/21/2009,0.01
07/22/2009,0.036
07/24/2009,0.033
07/25/2009,0.038
07/27/2009,0.031
07/28/2009,0.02
07/29/2009,0.032
07/30/2009,0.032
07/31/2009,0.033
08/01/2009,0.046
08/02/2009,0.026
08/03/2009,0.075
08/04/2009,0.03
08/05/2009,0.022
08/06/2009,0.022
08/08/2009,0.018
08/09/2009,0.018
08/10/2009,0.018
08/11/2009,0.021
08/12/2009,0.026
08/14/2009,0.057
08/15/2009,0.024
08/16/2009,0.033
08/17/2009,0.038
08/18/2009,0.025
08/19/2009,0.027
08/20/2009,0.018
08/21/2009,0.035
08/22/2009,0.03
08/23/2009,0.04
08/24/2009,0.032
08/25/2009,0.028
08/26/2009,0.04
08/27/2009,0.032
08/29/2009,0.03
08/30/2009,0.041
08/31/2009,0.09
09/01/2009,0.06
09/02/2009,0.035
09/03/2009,0.027
09/04/2009,0.042
09/05/2009,0.026
09/06/2009,0.032
09/07/2009,0.035
09/08/2009,0.037
09/09/2009,0.022
09/10/2009,0.033
09/11/2009,0.05
09/12/2009,0.017
09/13/2009,0.035
09/14/2009,0.042
09/15/2009,0.033
09/16/2009,0.052
09/17/2009,0.074
09/18/2009,0.031
09/19/2009,0.019
09/20/2009,0.036
09/21/2009,0.027
09/22/2009,0.049
09/23/2009,0.1
09/24/2009,0.125
09/25/2009,0.071
09/26/2009,0.122
09/27/2009,0.109
09/28/2009,0.05
09/29/2009,0.049
09/30/2009,0.022
10/01/2009,0.045
10/02/2009,0.024
10/03/2009,0.031
10/04/2009,0.021
10/05/2009,0.028
10/06/2009,0.042
10/10/2009,0.046
10/11/2009,0.033
10/12/2009,0.054
10/13/2009,0.043
10/14/2009,0.02
10/15/2009,0.054
10/16/2009,0.09
10/17/2009,0.017
10/18/2009,0.058
10/19/2009,0.023
10/20/2009,0.046
10/21/2009,0.035
10/22/2009,0.027
10/23/2009,0.024
10/24/2009,0.047
10/25/2009,0.043
10/26/2009,0.039
10/28/2009,0.02
10/29/2009,0.041
10/30/2009,0.028
10/31/2009,0.05
11/01/2009,0.045
11/02/2009,0.015
11/03/2009,0.042
11/04/2009,0.057
11/05/2009,0.06
11/06/2009,0.077
11/07/2009,0.046
11/08/2009,0.044
11/09/2009,0.034
11/16/2009,0.008
11/17/2009,0.016
11/18/2009,0.041
11/19/2009,0.028
11/20/2009,0.095
11/21/2009,0.064
11/22/2009,0.116
11/23/2009,0.146
11/24/2009,0.077
11/25/2009,0.076
11/26/2009,0.038
11/27/2009,0.054
11/28/2009,0.077
11/29/2009,0.132
11/30/2009,0.149
12/01/2009,0.096
12/02/2009,0.089
12/03/2009,0.037
12/04/2009,0.109
12/05/2009,0.044
12/06/2009,0.096
12/07/2009,0.147
12/08/2009,0.125
12/09/2009,0.088
12/10/2009,0.054
12/11/2009,0.087
12/12/2009,0.047
12/13/2009,0.078
12/14/2009,0.037
12/15/2009,0.054
12/16/2009,0.081
12/17/2009,0.034
12/18/2009,0.014
12/19/2009,0.018
12/20/2009,0.021
12/21/2009,0.103
12/22/2009,0.148
12/23/2009,0.087
12/24/2009,0.031
12/25/2009,0.034
12/26/2009,0.042
12/27/2009,0.083
12/28/2009,0.067
12/29/2009,0.106
12/30/2009,0.042
12/31/2009,0.03
01/06/2010,0.053
01/07/2010,0.149
01/08/2010,0.149
01/09/2010,0.11
01/10/2010,0.118
01/11/2010,0.081
01/12/2010,0.031
01/13/2010,0.031
01/14/2010,0.072
01/15/2010,0.095
01/16/2010,0.08
01/17/2010,0.077
01/18/2010,0.111
01/19/2010,0.101
01/20/2010,0.062
01/21/2010,0.024
01/22/2010,0.034
01/23/2010,0.045
01/24/2010,0.092
01/25/2010,0.036
01/26/2010,0.078
01/27/2010,0.102
01/28/2010,0.049
01/29/2010,0.056
01/30/2010,0.086
01/31/2010,0.053
02/01/2010,0.026
02/02/2010,0.028
02/03/2010,0.06
02/04/2010,0.045
02/05/2010,0.029
02/06/2010,0.025
02/07/2010,0.052
02/08/2010,0.114
02/09/2010,0.08
02/10/2010,0.043
02/11/2010,0.052
02/12/2010,0.049
02/13/2010,0.097
02/14/2010,0.126
02/15/2010,0.032
02/16/2010,0.044
02/17/2010,0.065
02/18/2010,0.045
02/19/2010,0.062
02/20/2010,0.073
02/21/2010,0.052
02/22/2010,0.052
02/23/2010,0.024
02/24/2010,0.026
03/01/2010,
03/02/2010,0.014
03/03/2010,0.014
03/04/2010,0.014
03/05/2010,0.014
03/06/2010,0.014
03/07/2010,0.014
03/08/2010,0.014
03/09/2010,0.014
03/10/2010,0.094
03/11/2010,0.112
03/12/2010,0.054
03/13/2010,0.025
03/14/2010,0.027
03/15/2010,0.048
03/16/2010,0.045
03/17/2010,0.049
03/18/2010,0.046
03/19/2010,0.071
03/20/2010,0.043
03/21/2010,0.028
03/22/2010,0.042
03/23/2010,0.022
03/24/2010,0.033
03/25/2010,0.026
03/26/2010,0.033
03/27/2010,0.029
03/28/2010,0.034
03/29/2010,0.043
03/30/2010,0.049
03/31/2010,0.048
04/01/2010,0.038
04/02/2010,0.029
04/03/2010,0.029
04/04/2010,0.06
04/05/2010,0.04
04/06/2010,0.03
04/07/2010,0.044
04/08/2010,0.081
04/09/2010,0.061
04/10/2010,0.066
04/11/2010,0.025
04/12/2010,0.025
04/13/2010,0.016
04/14/2010,0.024
04/15/2010,0.045
04/16/2010,0.055
04/17/2010,0.034
04/18/2010,0.034
04/19/2010,0.047
04/20/2010,0.037
04/21/2010,0.052
04/22/2010,0.029
04/23/2010,0.028
04/24/2010,0.035
04/25/2010,0.059
04/26/2010,0.024
04/27/2010,0.011
04/28/2010,0.016
04/30/2010,0.009
05/01/2010,0.029
05/02/2010,0.018
05/03/2010,0.012
05/04/2010,0.01
05/05/2010,0.009
05/06/2010,0.013
05/07/2010,0.041
05/08/2010,0.034
05/09/2010,0.016
05/10/2010,0.019
05/11/2010,0.014
05/12/2010,0.014
05/13/2010,0.016
05/14/2010,0.055
05/15/2010,0.046
05/16/2010,0.019
05/17/2010,0.019
05/18/2010,0.02
05/19/2010,0.026
05/20/2010,0.049
05/21/2010,0.039
05/22/2010,0.035
05/23/2010,0.043
05/24/2010,0.024
05/25/2010,0.017
05/26/2010,0.024
05/27/2010,0.026
05/28/2010,0.027
05/29/2010,0.028
05/30/2010,0.017
05/31/2010,0.055
06/01/2010,0.008
06/02/2010,0.01
06/03/2010,0.024
06/04/2010,0.018
06/05/2010,0.023
06/06/2010,0.043
06/07/2010,0.044
06/08/2010,0.037
06/09/2010,0.037
06/10/2010,0.013
06/11/2010,0.018
06/12/2010,0.013
06/13/2010,0.013
06/14/2010,0.012
06/15/2010,0.017
06/16/2010,0.022
06/17/2010,0.02
06/18/2010,0.018
06/19/2010,0.021
06/20/2010,0.023
06/21/2010,0.017
06/22/2010,0.016
06/23/2010,0.002
06/24/2010,0.031
06/25/2010,0.022
06/26/2010,0.012
06/27/2010,0.017
06/30/2010,0.005
07/01/2010,0.005
07/02/2010,0.016
07/03/2010,0.015
07/04/2010,0.015
07/05/2010,0.037
07/06/2010,0.039
07/07/2010,0.014
07/08/2010,0.026
07/09/2010,0.022
07/10/2010,0.007
07/11/2010,0.008
07/12/2010,0.01
07/13/2010,0.014
07/14/2010,0.011
07/15/2010,0.011
07/16/2010,0.011
07/17/2010,0.014
07/18/2010,0.014
07/19/2010,0.017
07/20/2010,0.01
07/21/2010,0.021
07/22/2010,0.022
07/23/2010,0.014
07/24/2010,0.008
07/25/2010,0.009
07/26/2010,0.01
07/27/2010,0.007
07/28/2010,0.012
07/29/2010,0.008
07/30/2010,0.003
07/31/2010,0.002
08/01/2010,0.019
08/02/2010,0.03
08/03/2010,0.032
08/04/2010,0.019
08/05/2010,0.013
08/06/2010,0.028
08/07/2010,0.014
08/08/2010,0.017
08/09/2010,0.014
08/10/2010,0.018
08/11/2010,0.01
08/12/2010,0.014
08/13/2010,0.018
08/14/2010,0.018
08/15/2010,0.02
08/16/2010,0.019
08/17/2010,0.026
08/18/2010,0.027
08/19/2010,0.017
08/20/2010,0.011
08/21/2010,0.01
08/22/2010,0.038
08/23/2010,0.035
08/24/2010,0.026
08/25/2010,0.025
08/26/2010,0.031
08/27/2010,0.033
08/28/2010,0.026
08/29/2010,0.038
08/30/2010,0.032
08/31/2010,0.038
09/01/2010,0.03
09/02/2010,0.048
09/03/2010,0.051
09/04/2010,0.051
09/05/2010,0.044
09/06/2010,0.032
09/07/2010,0.035
09/08/2010,0.057
09/09/2010,0.044
09/10/2010,0.069
09/11/2010,0.037
09/12/2010,0.045
09/13/2010,0.033
09/14/2010,0.052
09/15/2010,0.044
09/16/2010,0.057
09/17/2010,0.027
09/18/2010,0.033
09/19/2010,0.042
09/20/2010,0.039
09/21/2010,0.034
09/22/2010,0.039
09/23/2010,0.037
09/24/2010,0.043
09/25/2010,0.042
09/26/2010,0.041
09/27/2010,0.034
09/28/2010,0.025
09/29/2010,0.034
09/30/2010,0.037
10/01/2010,0.055
10/02/2010,0.046
10/03/2010,0.025
10/04/2010,0.025
10/05/2010,0.039
10/06/2010,0.072
10/07/2010,0.083
10/08/2010,0.06
10/09/2010,0.059
10/10/2010,0.077
10/11/2010,0.035
10/12/2010,0.042
10/13/2010,0.038
10/14/2010,0.041
10/15/2010,0.023
10/16/2010,0.035
10/17/2010,0.035
10/18/2010,0.044
10/19/2010,0.047
10/20/2010,0.089
10/21/2010,0.054
10/22/2010,0.055
10/23/2010,0.061
10/24/2010,0.044
10/25/2010,0.035
10/26/2010,0.048
10/27/2010,0.054
10/28/2010,0.057
10/29/2010,0.044
10/30/2010,0.046
10/31/2010,0.05
11/01/2010,0.064
11/02/2010,0.041
11/03/2010,0.043
11/05/2010,0.05
11/06/2010,0.089
11/07/2010,0.053
11/08/2010,0.019
11/09/2010,0.024
11/10/2010,0.034
11/11/2010,0.041
11/12/2010,0.025
11/13/2010,0.027
11/14/2010,0.044
11/15/2010,0.025
11/16/2010,0.067
11/17/2010,0.105
11/18/2010,0.113
11/19/2010,0.045
11/20/2010,0.074
11/21/2010,0.058
11/22/2010,0.033
11/23/2010,0.06
11/24/2010,0.101
11/25/2010,0.037
11/26/2010,0.051
11/27/2010,0.075
11/28/2010,0.046
11/29/2010,0.069
11/30/2010,0.033
12/01/2010,0.078
12/02/2010,0.089
12/03/2010,0.042
12/04/2010,0.092
12/05/2010,0.092
12/06/2010,0.021
12/07/2010,0.062
12/08/2010,0.067
12/09/2010,0.079
12/10/2010,0.092
12/11/2010,0.023
12/12/2010,0.065
12/13/2010,0.05
12/14/2010,0.046
12/15/2010,0.012
12/16/2010,0.083
12/17/2010,0.11
12/18/2010,0.15
12/19/2010,0.115
12/20/2010,0.098
12/21/2010,0.082
12/22/2010,0.038
12/23/2010,0.048
12/24/2010,0.039
12/25/2010,0.05
12/26/2010,0.077
12/27/2010,0.11
12/28/2010,0.052
12/29/2010,0.061
12/30/2010,0.032
12/31/2010,0.018
01/01/2011,0.032
01/02/2011,0.059
01/03/2011,0.038
01/04/2011,0.088
01/05/2011,0.056
01/06/2011,0.014
01/07/2011,0.018
01/08/2011,0.095
01/09/2011,0.013
01/10/2011,0.033
01/11/2011,0.057
01/12/2011,0.043
01/13/2011,0.091
01/14/2011,0.075
01/15/2011,0.02
01/16/2011,0.036
01/17/2011,0.043
01/18/2011,0.016
01/19/2011,0.024
01/20/2011,0.03
01/21/2011,0.075
01/22/2011,0.107
01/23/2011,0.059
01/24/2011,0.016
01/25/2011,0.053
01/26/2011,0.052
01/27/2011,0.069
01/28/2011,0.071
01/29/2011,0.014
01/30/2011,0.014
01/31/2011,0.048
02/01/2011,0.075
02/02/2011,0.103
02/03/2011,0.059
02/04/2011,0.09
02/05/2011,0.027
02/06/2011,0.041
02/07/2011,0.039
02/08/2011,0.053
02/09/2011,0.038
02/10/2011,0.013
02/11/2011,0.031
02/12/2011,0.026
02/13/2011,0.025
02/14/2011,0.061
02/15/2011,0.09
02/16/2011,0.115
02/17/2011,0.077
02/18/2011,0.072
02/19/2011,0.116
02/20/2011,0.109
02/21/2011,0.036
02/22/2011,0.039
02/23/2011,0.085
02/24/2011,0.057
02/25/2011,0.028
02/26/2011,0.026
02/27/2011,0.046
02/28/2011,0.055
03/01/2011,0.095
03/02/2011,0.028
03/03/2011,0.035
03/04/2011,0.059
03/05/2011,0.095
03/06/2011,0.054
03/07/2011,0.031
03/08/2011,0.017
03/09/2011,0.011
03/10/2011,0.038
03/11/2011,0.04
03/12/2011,0.064
03/13/2011,0.059
03/14/2011,0.047
03/15/2011,0.013
03/16/2011,0.015
03/17/2011,0.038
03/18/2011,0.06
03/19/2011,0.022
03/20/2011,0.028
03/21/2011,0.048
03/22/2011,0.014
03/23/2011,0.024
03/24/2011,0.017
03/25/2011,0.015
03/26/2011,0.046
03/27/2011,0.051
03/28/2011,0.018
03/31/2011,0.054
04/01/2011,0.034
04/02/2011,0.026
04/03/2011,0.031
04/04/2011,0.033
04/05/2011,0.04
04/06/2011,0.047
04/07/2011,0.036
04/08/2011,0.024
04/09/2011,0.046
04/10/2011,0.035
04/11/2011,0.029
04/12/2011,0.035
04/13/2011,0.075
04/14/2011,0.048
04/15/2011,0.034
04/16/2011,0.017
04/17/2011,0.048
04/18/2011,0.007
04/19/2011,0.021
04/20/2011,0.048
04/21/2011,0.038
04/22/2011,0.019
04/23/2011,0.014
04/24/2011,0.016
04/25/2011,0.022
04/26/2011,0.035
04/27/2011,0.024
04/28/2011,0.029
04/29/2011,0.031
04/30/2011,0.017
05/01/2011,0.01
05/02/2011,0.03
05/03/2011,0.02
05/04/2011,0.018
05/05/2011,0.029
05/06/2011,0.02
05/07/2011,0.026
05/08/2011,0.014
05/10/2011,0.023
05/11/2011,0.028
05/12/2011,0.012
05/13/2011,0.011
05/14/2011,0.015
05/15/2011,0.024
05/16/2011,0.029
05/17/2011,0.031
05/18/2011,0.025
05/19/2011,0.022
05/20/2011,0.013
05/21/2011,0.016
05/22/2011,0.036
05/23/2011,0.046
05/24/2011,0.041
05/25/2011,0.038
05/26/2011,0.055
05/27/2011,0.036
05/28/2011,0.04
05/29/2011,0.056
05/30/2011,0.05
05/31/2011,0.016
06/01/2011,0.01
06/02/2011,0.036
06/03/2011,0.051
06/04/2011,0.018
06/05/2011,0.035
06/06/2011,0.038
06/07/2011,0.034
06/08/2011,0.004
06/11/2011,0.009
06/12/2011,0.004
06/13/2011,0.021
06/14/2011,0.038
06/15/2011,0.028
06/16/2011,0.009
06/17/2011,0.007
06/18/2011,0.008
06/19/2011,0.006
06/20/2011,0.003
06/21/2011,0.035
06/22/2011,0.025
06/23/2011,
06/24/2011,0.021
06/25/2011,0.01
06/26/2011,0.018
06/27/2011,0.011
06/28/2011,0.007
06/29/2011,0.008
06/30/2011,0.001
07/01/2011,0.003
07/02/2011,0.006
07/03/2011,0.025
07/04/2011,0.01
07/05/2011,0.018
07/06/2011,0.026
07/07/2011,0.013
07/08/2011,0.014
07/09/2011,0.011
07/10/2011,0.008
07/11/2011,0.004
07/12/2011,0.01
07/13/2011,0.008
07/14/2011,0.003
07/15/2011,0.019
07/16/2011,0.01
07/20/2011,0.003
07/21/2011,0.008
07/22/2011,0.011
07/23/2011,0.012
07/24/2011,0.009
07/25/2011,0.009
07/26/2011,0.011
07/27/2011,0.012
07/28/2011,0.013
07/29/2011,0.011
08/01/2011,0.018
08/02/2011,0.029
08/03/2011,0.026
08/04/2011,0.032
08/05/2011,0.024
08/06/2011,0.02
08/07/2011,0.019
08/08/2011,0.019
08/09/2011,0.024
08/10/2011,0.021
08/11/2011,0.024
08/12/2011,0.026
08/13/2011,0.033
08/14/2011,0.039
08/15/2011,0.026
08/16/2011,0.033
08/17/2011,0.034
08/18/2011,0.025
08/19/2011,0.028
08/20/2011,0.035
08/21/2011,0.034
08/22/2011,0.04
08/23/2011,0.038
08/24/2011,0.029
08/25/2011,0.022
08/26/2011,0.022
08/27/2011,0.031
08/28/2011,0.033
08/29/2011,0.05
08/30/2011,0.034
08/31/2011,0.061
09/01/2011,0.04
09/02/2011,0.05
09/03/2011,0.032
09/04/2011,0.025
09/05/2011,0.032
09/06/2011,0.035
09/07/2011,0.058
09/08/2011,0.036
09/09/2011,0.038
09/10/2011,0.031
09/11/2011,0.072
09/12/2011,0.047
09/13/2011,0.062
09/14/2011,0.058
09/15/2011,0.035
09/16/2011,0.041
09/17/2011,0.072
09/18/2011,0.087
09/19/2011,0.046
09/20/2011,0.043
09/21/2011,0.04
09/22/2011,0.055
09/23/2011,0.049
09/24/2011,0.07
09/25/2011,0.079
09/26/2011,0.068
09/27/2011,0.05
09/28/2011,0.061
09/29/2011,0.047
09/30/2011,0.049
10/01/2011,0.049
10/02/2011,0.076
10/03/2011,0.045
10/04/2011,0.08
10/05/2011,0.095
10/06/2011,0.062
10/07/2011,0.044
10/08/2011,0.034
10/09/2011,0.067
10/10/2011,0.068
10/11/2011,0.033
10/12/2011,0.056
10/13/2011,0.054
10/14/2011,0.033
10/15/2011,0.035
10/16/2011,0.031
10/17/2011,0.044
10/18/2011,0.03
10/19/2011,0.066
10/20/2011,0.069
10/21/2011,0.06
10/22/2011,0.048
10/23/2011,0.062
10/24/2011,0.036
10/25/2011,0.042
10/26/2011,0.069
10/27/2011,0.096
10/28/2011,0.103
10/29/2011,0.105
10/30/2011,0.117
10/31/2011,0.058
11/01/2011,0.106
11/02/2011,0.058
11/03/2011,0.061
11/04/2011,0.04
11/05/2011,0.06
11/06/2011,0.092
11/07/2011,0.093
11/08/2011,0.073
11/09/2011,0.072
11/10/2011,0.084
11/11/2011,0.107
11/12/2011,0.13
11/13/2011,0.055
11/14/2011,0.06
11/15/2011,0.059
11/16/2011,0.064
11/17/2011,0.049
11/18/2011,0.04
11/19/2011,0.072
11/20/2011,0.053
11/21/2011,0.093
11/22/2011,0.167
11/23/2011,0.038
11/24/2011,0.071
11/25/2011,0.052
11/26/2011,0.058
11/27/2011,0.101
11/28/2011,0.049
11/29/2011,0.016
11/30/2011,0.074
12/01/2011,0.09
12/02/2011,0.162
12/03/2011,0.11
12/04/2011,0.043
12/05/2011,0.073
12/06/2011,0.058
12/07/2011,0.118
12/08/2011,0.023
12/09/2011,0.006
12/10/2011,0.024
12/11/2011,0.089
12/12/2011,0.121
12/13/2011,0.02
12/14/2011,0.102
12/15/2011,0.012
12/16/2011,0.005
12/17/2011,0.104
12/18/2011,0.18
12/19/2011,0.084
12/20/2011,0.115
12/21/2011,0.143
12/22/2011,0.028
12/23/2011,0.11
12/24/2011,0.036
12/25/2011,0.096
12/26/2011,0.038
12/27/2011,0.107
12/28/2011,0.155
12/29/2011,0.051
12/30/2011,0.034
12/31/2011,0.092
01/01/2012,0.074
01/02/2012,0.073
01/03/2012,0.052
01/04/2012,0.019
01/05/2012,0.094
01/06/2012,0.094
01/07/2012,0.029
01/08/2012,0.07
01/09/2012,0.119
01/10/2012,0.195
01/11/2012,0.063
01/12/2012,0.096
01/13/2012,0.165
01/14/2012,0.15
01/15/2012,0.095
01/16/2012,0.077
01/17/2012,0.09
01/18/2012,0.116
01/19/2012,0.239
01/20/2012,0.207
01/21/2012,0.146
01/22/2012,0.094
01/23/2012,0.175
01/24/2012,0.154
01/25/2012,0.142
01/26/2012,0.209
01/27/2012,0.166
01/28/2012,0.112
01/29/2012,0.13
01/30/2012,0.114
01/31/2012,0.141
02/01/2012,0.124
02/02/2012,0.08
02/03/2012,0.161
02/04/2012,0.207
02/05/2012,0.158
02/06/2012,0.158
02/07/2012,0.071
02/08/2012,0.09
02/09/2012,0.107
02/10/2012,0.149
02/11/2012,0.214
02/12/2012,0.147
02/13/2012,0.147
02/14/2012,0.211
02/15/2012,0.104
02/16/2012,0.097
02/17/2012,0.067
02/18/2012,0.071
02/19/2012,0.192
02/20/2012,0.199
02/21/2012,0.117
02/22/2012,0.086
02/23/2012,0.14
02/24/2012,0.098
02/25/2012,0.059
02/26/2012,0.066
02/27/2012,0.08
02/28/2012,0.101
02/29/2012,0.059
03/01/2012,0.052
03/02/2012,0.032
03/03/2012,0.018
03/04/2012,0.027
03/05/2012,0.038
03/06/2012,0.03
03/07/2012,0.025
03/08/2012,0.029
03/09/2012,0.013
03/10/2012,0.03
03/11/2012,0.005
03/12/2012,0.053
03/13/2012,0.068
03/14/2012,0.07
03/15/2012,0.016
03/16/2012,0.028
03/17/2012,
03/18/2012,0.02
03/19/2012,0.039
03/20/2012,0.012
03/21/2012,0.034
03/22/2012,0.044
03/23/2012,0.016
03/24/2012,0.009
03/25/2012,0.013
03/26/2012,0.046
03/27/2012,0.077
03/28/2012,0.023
03/29/2012,0.028
03/30/2012,0.013
03/31/2012,0.008
04/01/2012,0.008
04/02/2012,0.018
04/03/2012,0.024
04/04/2012,0.021
04/05/2012,0.006
04/06/2012,0.014
04/07/2012,0.025
04/08/2012,0.019
04/09/2012,0.019
04/10/2012,0.019
04/15/2012,0.051
04/16/2012,0.028
04/17/2012,0.052
04/18/2012,0.033
04/19/2012,0.049
04/20/2012,0.028
04/21/2012,0.011
04/22/2012,0.014
04/23/2012,0.017
04/24/2012,0.019
04/25/2012,0.011
04/26/2012,0.015
04/27/2012,0.04
04/28/2012,0.014
04/29/2012,0.06
04/30/2012,0.012
05/01/2012,0.021
05/02/2012,0.017
05/03/2012,0.03
05/04/2012,0.042
05/08/2012,0.034
05/09/2012,0.014
05/10/2012,0.017
05/11/2012,0.053
05/12/2012,0.017
05/13/2012,0.039
05/14/2012,0.018
05/15/2012,0.02
05/16/2012,0.011
05/17/2012,0.027
05/18/2012,0.039
05/19/2012,0.044
05/20/2012,0.033
05/21/2012,0.019
05/22/2012,0.047
05/23/2012,0.03
05/25/2012,0.028
05/26/2012,0.043
05/27/2012,0.035
05/28/2012,0.026
05/29/2012,0.044
05/30/2012,0.024
05/31/2012,0.014
06/01/2012,0.014
06/02/2012,0.022
06/03/2012,0.021
06/04/2012,0.028
06/05/2012,0.026
06/06/2012,0.033
06/07/2012,0.029
06/08/2012,0.027
06/09/2012,0.022
06/10/2012,0.021
06/11/2012,0.036
06/12/2012,0.051
06/13/2012,0.022
06/14/2012,0.013
06/15/2012,0.017
06/16/2012,0.019
06/17/2012,0.038
06/18/2012,0.047
06/19/2012,0.019
06/20/2012,0.022
06/21/2012,0.015
06/22/2012,0.019
06/23/2012,0.012
06/24/2012,0.01
06/25/2012,0.017
06/26/2012,0.009
06/28/2012,0.015
06/29/2012,0.007
06/30/2012,0.007
07/01/2012,0.012
07/03/2012,0.017
07/04/2012,0.007
07/05/2012,0.005
07/06/2012,0.004
07/07/2012,0.005
07/08/2012,0.005
07/09/2012,0.003
07/10/2012,0.004
07/11/2012,0.017
07/12/2012,0.004
07/13/2012,0.014
07/14/2012,0.009
07/15/2012,0.01
07/16/2012,0.015
07/17/2012,0.007
07/18/2012,0.004
07/20/2012,0.014
07/21/2012,0.009
07/22/2012,0.005
07/23/2012,0.006
07/24/2012,0.006
07/25/2012,0.003
07/27/2012,0.003
07/28/2012,0.028
07/29/2012,0.011
07/30/2012,0.005
07/31/2012,0.009
08/01/2012,0.01
08/03/2012,0.016
08/04/2012,0.02
08/05/2012,0.02
08/06/2012,0.017
08/07/2012,0.009
08/08/2012,0.014
08/09/2012,0.021
08/10/2012,0.017
08/11/2012,0.02
08/12/2012,0.012
08/13/2012,0.009
08/14/2012,0.017
08/15/2012,0.013
08/16/2012,0.013
08/17/2012,0.012
08/18/2012,0.016
08/19/2012,0.016
08/20/2012,0.015
08/21/2012,0.017
08/22/2012,0.024
08/23/2012,0.022
08/24/2012,0.03
08/25/2012,0.02
08/26/2012,0.015
08/27/2012,0.012
08/28/2012,0.015
08/29/2012,0.017
08/30/2012,0.016
08/31/2012,0.018
09/01/2012,0.026
09/02/2012,0.026
09/03/2012,0.012
09/04/2012,0.021
09/05/2012,0.023
09/06/2012,0.009
09/07/2012,0.019
09/08/2012,0.016
09/09/2012,0.017
09/10/2012,0.024
09/11/2012,0.026
09/12/2012,0.02
09/13/2012,0.015
09/14/2012,0.02
09/15/2012,0.03
09/16/2012,0.04
09/17/2012,0.042
09/18/2012,0.026
09/19/2012,0.035
09/20/2012,0.026
09/21/2012,0.017
09/22/2012,0.024
09/23/2012,0.031
09/26/2012,0.009
09/27/2012,0.027
09/28/2012,0.011
09/29/2012,0.01
09/30/2012,0.033
10/01/2012,0.033
10/02/2012,0.059
10/03/2012,0.07
10/04/2012,0.022
10/05/2012,0.017
10/06/2012,0.036
10/07/2012,0.039
10/08/2012,0.069
10/09/2012,0.049
10/10/2012,0.009
10/11/2012,0.047
10/12/2012,0.06
10/13/2012,0.042
10/14/2012,0.04
10/15/2012,0.05
10/16/2012,0.021
10/17/2012,0.012
10/18/2012,0.043
10/19/2012,0.041
10/20/2012,0.057
10/21/2012,0.025
10/22/2012,0.01
10/23/2012,0.026
10/24/2012,0.053
10/25/2012,0.049
10/26/2012,0.022
10/27/2012,0.011
10/28/2012,0.025
10/29/2012,0.016
10/30/2012,0.066
10/31/2012,0.024
11/01/2012,0.046
11/02/2012,0.037
11/03/2012,0.031
11/04/2012,0.013
11/05/2012,0.011
11/06/2012,0.017
11/07/2012,0.035
11/08/2012,0.04
11/09/2012,0.026
11/10/2012,0.026
11/11/2012,0.018
11/12/2012,0.011
11/13/2012,0.021
11/14/2012,0.012
11/15/2012,0.03
11/16/2012,0.038
11/17/2012,0.05
11/18/2012,0.063
11/19/2012,0.075
11/20/2012,0.06
11/21/2012,0.063
11/22/2012,0.069
11/23/2012,0.021
11/24/2012,0.05
11/25/2012,0.077
11/26/2012,0.016
11/27/2012,0.048
11/28/2012,0.055
11/29/2012,0.075
11/30/2012,0.052
12/01/2012,0.033
12/02/2012,0.011
12/03/2012,0.028
12/04/2012,0.012
12/05/2012,0.037
12/06/2012,0.024
12/07/2012,0.067
12/08/2012,0.024
12/09/2012,
12/10/2012,0.01
12/11/2012,0.03
12/12/2012,0.04
12/13/2012,0.025
12/14/2012,0.073
12/15/2012,
12/16/2012,0.011
12/17/2012,
12/18/2012,0.019
12/19/2012,0.041
12/20/2012,0.071
12/21/2012,0.114
12/22/2012,0.033
12/23/2012,0.01
12/24/2012,0.048
12/25/2012,0.06
12/27/2012,0.042
12/28/2012,0.111
12/29/2012,0.02
12/30/2012,
12/31/2012,0.009
01/01/2013,0.089
01/02/2013,0.014
01/03/2013,0.022
01/04/2013,0.214
01/05/2013,0.124
01/06/2013,0.121
01/07/2013,0.182
01/08/2013,0.064
01/09/2013,0.044
01/10/2013,0.154
01/11/2013,0.124
01/12/2013,0.16
01/13/2013,0.088
01/14/2013,0.09
01/15/2013,0.059
01/16/2013,0.044
01/17/2013,0.076
01/18/2013,0.16
01/19/2013,0.06
01/20/2013,0.075
01/21/2013,0.139
01/22/2013,0.119
01/23/2013,0.165
01/24/2013,0.068
01/25/2013,0.031
01/26/2013,0.053
01/27/2013,0.114
01/28/2013,0.256
01/29/2013,0.163
01/30/2013,0.107
01/31/2013,0.056
02/01/2013,0.05
02/02/2013,0.076
02/03/2013,0.074
02/04/2013,0.06
02/05/2013,0.092
02/06/2013,0.085
02/07/2013,0.028
02/08/2013,0.074
02/09/2013,0.152
02/10/2013,0.083
02/11/2013,0.032
02/12/2013,0.078
02/13/2013,0.17
02/14/2013,0.041
02/15/2013,0.041
02/16/2013,0.051
02/17/2013,0.047
02/18/2013,0.034
02/19/2013,0.044
02/20/2013,0.081
02/21/2013,0.06
02/22/2013,0.066
02/23/2013,0.13
02/24/2013,0.077
02/25/2013,0.056
02/26/2013,0.077
02/27/2013,0.073
02/28/2013,0.026
03/01/2013,0.01
03/02/2013,0.03
03/03/2013,0.097
03/04/2013,0.035
03/05/2013,0.1
03/06/2013,0.051
03/07/2013,0.097
03/08/2013,0.033
03/09/2013,0.045
03/10/2013,0.037
03/11/2013,0.09
03/12/2013,0.04
03/13/2013,0.051
03/14/2013,0.061
03/15/2013,0.067
03/16/2013,0.043
03/17/2013,0.037
03/18/2013,0.037
03/19/2013,0.055
03/20/2013,0.028
03/21/2013,0.048
03/22/2013,0.025
03/23/2013,0.061
03/24/2013,0.056
03/25/2013,0.055
03/26/2013,0.061
03/27/2013,0.048
03/28/2013,0.033
03/29/2013,0.075
03/30/2013,0.02
03/31/2013,0.034
04/01/2013,0.054
04/02/2013,0.043
04/03/2013,0.039
04/04/2013,0.024
04/05/2013,0.031
04/06/2013,0.017
04/07/2013,0.021
04/08/2013,0.025
04/09/2013,0.023
04/10/2013,0.021
04/11/2013,0.017
04/12/2013,0.069
04/13/2013,0.058
04/14/2013,0.02
04/15/2013,0.024
04/16/2013,0.034
04/17/2013,0.021
04/18/2013,0.023
04/19/2013,0.013
04/20/2013,0.011
04/21/2013,0.04
04/22/2013,0.063
04/23/2013,0.045
04/24/2013,0.034
04/25/2013,0.011
04/26/2013,0.059
04/27/2013,0.022
04/28/2013,0.021
04/29/2013,0.022
05/01/2013,0.021
05/02/2013,0.035
05/03/2013,0.042
05/04/2013,0.044
05/05/2013,0.054
05/06/2013,0.045
05/07/2013,0.064
05/08/2013,0.031
05/09/2013,0.01
05/10/2013,0.019
05/11/2013,0.037
05/12/2013,0.031
05/14/2013,0.017
05/15/2013,0.011
05/16/2013,0.046
05/17/2013,0.027
05/18/2013,0.02
05/19/2013,0.014
05/20/2013,0.028
05/21/2013,0.044
05/22/2013,0.017
05/23/2013,0
05/24/2013,0.024
05/25/2013,0.017
05/26/2013,0.006
05/28/2013,0.012
05/29/2013,0.009
05/30/2013,0.041
05/31/2013,0.046
06/01/2013,0.027
06/02/2013,0.014
06/03/2013,0.037
06/04/2013,0.013
06/05/2013,0.012
06/06/2013,0.006
06/07/2013,0.004
06/08/2013,0.004
06/09/2013,0.007
06/10/2013,0.008
06/11/2013,0.02
06/12/2013,0.011
06/13/2013,0.014
06/14/2013,0.032
06/15/2013,0.015
06/16/2013,0.004
06/17/2013,0.001
06/18/2013,0.022
06/19/2013,0.01
06/20/2013,0.008
06/21/2013,0.003
06/22/2013,0.003
06/23/2013,0.027
06/24/2013,0.013
06/25/2013,0.003
06/26/2013,0.009
06/27/2013,0.019
06/28/2013,0.007
06/29/2013,0.009
06/30/2013,0.015
07/01/2013,0.018
07/02/2013,0.009
07/03/2013,0.011
07/04/2013,0.026
07/05/2013,0.03
07/06/2013,0.014
07/07/2013,0
07/08/2013,0.003
07/09/2013,0.005
07/10/2013,0.013
07/11/2013,0.009
07/13/2013,0.005
07/14/2013,0
07/15/2013,0.001
07/16/2013,0.001
07/17/2013,0.012
07/18/2013,0.011
07/19/2013,0.013
07/20/2013,0.011
07/21/2013,0
07/22/2013,0.006
07/23/2013,0.011
07/25/2013,0.024
07/26/2013,0.007
07/27/2013,0.007
07/28/2013,0.01
07/29/2013,0.014
07/30/2013,0.009
07/31/2013,0.014
08/01/2013,0.016
08/02/2013,0.008
08/03/2013,0.011
08/04/2013,0.008
08/05/2013,0.011
08/06/2013,0.008
08/07/2013,0.011
08/08/2013,0.018
08/09/2013,0.018
08/10/2013,0.025
08/11/2013,0.012
08/12/2013,0.012
08/15/2013,0.026
08/16/2013,0.011
08/19/2013,0.052
08/20/2013,0.023
09/03/2013,0.05
09/04/2013,0.016
09/05/2013,0.027
09/09/2013,0.041
09/11/2013,0.029
09/12/2013,0.083
09/13/2013,0.031
09/14/2013,0.022
09/15/2013,0.041
09/16/2013,0.04
09/17/2013,0.031
09/18/2013,0.026
09/19/2013,0.035
09/20/2013,0.018
09/21/2013,0.029
09/22/2013,0.03
09/23/2013,0.014
09/27/2013,0.063
09/28/2013,0.046
09/29/2013,0.043
09/30/2013,0.036
10/01/2013,0.031
10/02/2013,0.037
10/03/2013,0.036
10/04/2013,0.064
10/05/2013,0.064
10/06/2013,0.026
10/07/2013,0.03
10/08/2013,0.033
10/09/2013,0.1
10/10/2013,0.029
10/11/2013,0.024
10/12/2013,0.041
10/13/2013,0.019
10/14/2013,0.03
10/15/2013,0.042
10/16/2013,0.046
10/18/2013,0.066
10/21/2013,0.055
10/22/2013,0.057
10/23/2013,0.032
10/24/2013,0.011
10/25/2013,0.015
10/26/2013,0.037
10/27/2013,0.102
10/28/2013,0.066
10/29/2013,0.039
10/30/2013,0.032
10/31/2013,0.081
11/01/2013,0.053
11/02/2013,0.052
11/03/2013,0.02
11/04/2013,0.038
11/05/2013,0.082
11/06/2013,0.05
11/07/2013,0.033
11/08/2013,0.144
11/09/2013,0.084
11/10/2013,0.039
11/11/2013,0.066
11/14/2013,0.081
11/15/2013,0.103
11/16/2013,0.051
11/17/2013,0.051
11/18/2013,0.041
11/19/2013,0.054
11/20/2013,0.13
11/21/2013,0.16
11/22/2013,0.168
11/23/2013,0.122
11/24/2013,0.09
11/25/2013,0.043
11/26/2013,0.043
11/27/2013,0.033
11/28/2013,0.051
11/29/2013,0.124
11/30/2013,0.097
12/01/2013,0.098
12/02/2013,0.16
12/03/2013,0.133
12/04/2013,0.157
12/07/2013,0.142
12/09/2013,0.056
12/10/2013,0.088
12/11/2013,0.078
12/12/2013,0.067
12/13/2013,0.093
12/14/2013,0.123
12/15/2013,0.146
12/16/2013,0.155
12/18/2013,0.085
12/19/2013,0.104
12/20/2013,0.127
12/21/2013,0.11
12/22/2013,0.138
12/23/2013,0.18
12/24/2013,0.116
12/26/2013,0.062
12/27/2013,0.1
12/28/2013,0.078
12/29/2013,0.128
12/30/2013,0.134
12/31/2013,0.104
01/01/2014,0.111
01/02/2014,0.155
01/03/2014,0.117
01/04/2014,0.132
01/05/2014,0.12
01/06/2014,0.111
01/07/2014,0.117
01/08/2014,0.071
01/09/2014,0.089
01/10/2014,0.157
01/11/2014,0.138
01/13/2014,0.134
01/14/2014,0.137
01/15/2014,0.129
01/16/2014,0.118
01/17/2014,0.119
01/18/2014,0.152
01/19/2014,0.153
01/20/2014,0.052
01/21/2014,0.073
01/22/2014,0.136
01/23/2014,0.131
01/24/2014,0.156
01/25/2014,0.128
01/26/2014,0.078
01/27/2014,0.121
01/28/2014,0.081
01/29/2014,0.117
01/30/2014,0.099
01/31/2014,0.138
02/02/2014,0.057
02/03/2014,0.037
02/04/2014,0.062
02/05/2014,0.094
02/06/2014,0.081
02/07/2014,0.063
02/08/2014,0.084
02/09/2014,0.05
02/10/2014,0.099
02/11/2014,0.092
02/12/2014,0.147
02/13/2014,0.082
02/18/2014,0.063
02/19/2014,0.084
02/20/2014,0.08
02/21/2014,0.14
02/22/2014,0.105
02/23/2014,0.044
02/26/2014,0.097
02/28/2014,0.052
03/01/2014,0.065
03/02/2014,0.099
03/04/2014,0.059
03/05/2014,0.058
03/06/2014,0.039
03/07/2014,0.068
03/08/2014,0.085
03/09/2014,0.058
03/10/2014,0.083
03/11/2014,0.072
03/12/2014,0.064
03/13/2014,0.062
03/14/2014,0.023
03/15/2014,0.071
03/16/2014,0.058
03/17/2014,0.013
03/18/2014,0.012
03/19/2014,0.043
03/20/2014,0.01
03/21/2014,0.035
03/22/2014,0.035
03/23/2014,0.054
03/24/2014,0.064
03/25/2014,0.063
03/26/2014,0.051
03/27/2014,0.042
03/28/2014,0.023
03/29/2014,0.025
03/30/2014,0.026
03/31/2014,0.031
04/01/2014,0.037
04/02/2014,0.033
04/03/2014,0.008
04/04/2014,0.023
04/05/2014,0.01
04/05/2014,0.01
04/06/2014,0.028
04/06/2014,0.028
04/07/2014,0.032
04/07/2014,0.032
04/08/2014,0.046
04/10/2014,0.01
04/11/2014,0.026
04/12/2014,0.019
04/13/2014,0.021
04/14/2014,0.022
04/15/2014,0.013
04/16/2014,0.042
04/17/2014,0.038
04/18/2014,0.034
04/19/2014,0.024
04/21/2014,0.033
04/22/2014,0.029
04/22/2014,0.029
04/23/2014,0.023
04/24/2014,0.035
04/24/2014,0.035
04/25/2014,0.032
04/26/2014,0.015
04/27/2014,0.024
04/28/2014,0.025
04/29/2014,0.027
04/30/2014,0.034
05/01/2014,0.034
05/02/2014,0.007
05/03/2014,0.011
05/04/2014,0.005
05/06/2014,0.035
05/08/2014,0.021
